{
    "available_space": true,
    "id": "o1",
    "size_max": 21.327899932861328,
    "size_mean": 9.702516396840414,
    "size_min": 2.6822586059570312,
    "total_size": 174.64529514312744
}