{
    "available_space": true,
    "id": "o1",
    "size_max": 25.578883171081543,
    "size_mean": 8.144610937018143,
    "size_min": 2.180039405822754,
    "total_size": 773.7380390167236
}